config_name,noise_threshold,buy_rule,sell_rule,stop_loss_pct,take_profit_pct,max_holding_days,decisions_count,hold_count,buy_count,sell_count,operations_count,trades_count,initial_balance,final_balance,total_return_pct,sharpe_ratio,max_drawdown_pct,win_rate_pct,total_fees,avg_trade_result,model_rmse,model_mae,model_mape,open_position_amount
nt0.00025__buy_forecast_only__sell_negative_forecast_or_ema_bearish_or_risk_or_max_hold__sl0.05__tp0.08__hold10,0.00025,forecast_only,negative_forecast_or_ema_bearish_or_risk_or_max_hold,0.05,0.08,10,365,280,43,42,85,42,10000,10337.13,3.37127,1.512565,1.201496,57.142857,0,8.02683264,2107.69756314,1537.91571758,1.56150688,0.01312836
nt0.00025__buy_forecast_only__sell_negative_forecast_or_ema_bearish_or_risk_or_max_hold__sl0.03__tp0.08__hold20,0.00025,forecast_only,negative_forecast_or_ema_bearish_or_risk_or_max_hold,0.03,0.08,20,365,278,44,43,87,43,10000,10334.95,3.349504,1.603773,0.858039,53.488372,0,7.78954443,2107.69756314,1537.91571758,1.56150688,0.0131256
nt0.00025__buy_forecast_only__sell_negative_forecast_or_ema_bearish_or_risk_or_max_hold__sl0.03__tp0.08__hold30,0.00025,forecast_only,negative_forecast_or_ema_bearish_or_risk_or_max_hold,0.03,0.08,30,365,278,44,43,87,43,10000,10334.95,3.349504,1.603773,0.858039,53.488372,0,7.78954443,2107.69756314,1537.91571758,1.56150688,0.0131256
nt0.00025__buy_forecast_only__sell_negative_forecast_or_ema_bearish_or_risk_or_max_hold__sl0.05__tp0.08__hold20,0.00025,forecast_only,negative_forecast_or_ema_bearish_or_risk_or_max_hold,0.05,0.08,20,365,280,43,42,85,42,10000,10326.97,3.269694,1.49088,1.201496,57.142857,0,7.7849853,2107.69756314,1537.91571758,1.56150688,0.01311546
nt0.00025__buy_forecast_only__sell_negative_forecast_or_ema_bearish_or_risk_or_max_hold__sl0.05__tp0.08__hold30,0.00025,forecast_only,negative_forecast_or_ema_bearish_or_risk_or_max_hold,0.05,0.08,30,365,280,43,42,85,42,10000,10326.97,3.269694,1.49088,1.201496,57.142857,0,7.7849853,2107.69756314,1537.91571758,1.56150688,0.01311546
nt0.00025__buy_forecast_only__sell_negative_forecast_or_ema_bearish_or_risk_or_max_hold__sl0.05__tp0.06__hold10,0.00025,forecast_only,negative_forecast_or_ema_bearish_or_risk_or_max_hold,0.05,0.06,10,365,280,43,42,85,42,10000,10303.04,3.030388,1.414561,1.201496,57.142857,0,7.21520927,2107.69756314,1537.91571758,1.56150688,0.01308507
nt0.00025__buy_forecast_only__sell_negative_forecast_or_ema_bearish__sl0.02__tp0.04__hold10,0.00025,forecast_only,negative_forecast_or_ema_bearish,0.02,0.04,10,365,286,40,39,79,39,10000,10289.36,2.893613,1.175172,1.537713,56.410256,0,7.41952065,2107.69756314,1537.91571758,1.56150688,0.0130677
nt0.00025__buy_forecast_only__sell_negative_forecast_or_ema_bearish__sl0.02__tp0.04__hold20,0.00025,forecast_only,negative_forecast_or_ema_bearish,0.02,0.04,20,365,286,40,39,79,39,10000,10289.36,2.893613,1.175172,1.537713,56.410256,0,7.41952065,2107.69756314,1537.91571758,1.56150688,0.0130677
nt0.00025__buy_forecast_only__sell_negative_forecast_or_ema_bearish__sl0.02__tp0.04__hold30,0.00025,forecast_only,negative_forecast_or_ema_bearish,0.02,0.04,30,365,286,40,39,79,39,10000,10289.36,2.893613,1.175172,1.537713,56.410256,0,7.41952065,2107.69756314,1537.91571758,1.56150688,0.0130677
nt0.00025__buy_forecast_only__sell_negative_forecast_or_ema_bearish__sl0.02__tp0.06__hold10,0.00025,forecast_only,negative_forecast_or_ema_bearish,0.02,0.06,10,365,286,40,39,79,39,10000,10289.36,2.893613,1.175172,1.537713,56.410256,0,7.41952065,2107.69756314,1537.91571758,1.56150688,0.0130677
nt0.00025__buy_forecast_only__sell_negative_forecast_or_ema_bearish__sl0.02__tp0.06__hold20,0.00025,forecast_only,negative_forecast_or_ema_bearish,0.02,0.06,20,365,286,40,39,79,39,10000,10289.36,2.893613,1.175172,1.537713,56.410256,0,7.41952065,2107.69756314,1537.91571758,1.56150688,0.0130677
nt0.00025__buy_forecast_only__sell_negative_forecast_or_ema_bearish__sl0.02__tp0.06__hold30,0.00025,forecast_only,negative_forecast_or_ema_bearish,0.02,0.06,30,365,286,40,39,79,39,10000,10289.36,2.893613,1.175172,1.537713,56.410256,0,7.41952065,2107.69756314,1537.91571758,1.56150688,0.0130677
nt0.00025__buy_forecast_only__sell_negative_forecast_or_ema_bearish__sl0.02__tp0.08__hold10,0.00025,forecast_only,negative_forecast_or_ema_bearish,0.02,0.08,10,365,286,40,39,79,39,10000,10289.36,2.893613,1.175172,1.537713,56.410256,0,7.41952065,2107.69756314,1537.91571758,1.56150688,0.0130677
nt0.00025__buy_forecast_only__sell_negative_forecast_or_ema_bearish__sl0.02__tp0.08__hold20,0.00025,forecast_only,negative_forecast_or_ema_bearish,0.02,0.08,20,365,286,40,39,79,39,10000,10289.36,2.893613,1.175172,1.537713,56.410256,0,7.41952065,2107.69756314,1537.91571758,1.56150688,0.0130677
nt0.00025__buy_forecast_only__sell_negative_forecast_or_ema_bearish__sl0.02__tp0.08__hold30,0.00025,forecast_only,negative_forecast_or_ema_bearish,0.02,0.08,30,365,286,40,39,79,39,10000,10289.36,2.893613,1.175172,1.537713,56.410256,0,7.41952065,2107.69756314,1537.91571758,1.56150688,0.0130677
nt0.00025__buy_forecast_only__sell_negative_forecast_or_ema_bearish__sl0.03__tp0.04__hold10,0.00025,forecast_only,negative_forecast_or_ema_bearish,0.03,0.04,10,365,286,40,39,79,39,10000,10289.36,2.893613,1.175172,1.537713,56.410256,0,7.41952065,2107.69756314,1537.91571758,1.56150688,0.0130677
nt0.00025__buy_forecast_only__sell_negative_forecast_or_ema_bearish__sl0.03__tp0.04__hold20,0.00025,forecast_only,negative_forecast_or_ema_bearish,0.03,0.04,20,365,286,40,39,79,39,10000,10289.36,2.893613,1.175172,1.537713,56.410256,0,7.41952065,2107.69756314,1537.91571758,1.56150688,0.0130677
nt0.00025__buy_forecast_only__sell_negative_forecast_or_ema_bearish__sl0.03__tp0.04__hold30,0.00025,forecast_only,negative_forecast_or_ema_bearish,0.03,0.04,30,365,286,40,39,79,39,10000,10289.36,2.893613,1.175172,1.537713,56.410256,0,7.41952065,2107.69756314,1537.91571758,1.56150688,0.0130677
nt0.00025__buy_forecast_only__sell_negative_forecast_or_ema_bearish__sl0.03__tp0.06__hold10,0.00025,forecast_only,negative_forecast_or_ema_bearish,0.03,0.06,10,365,286,40,39,79,39,10000,10289.36,2.893613,1.175172,1.537713,56.410256,0,7.41952065,2107.69756314,1537.91571758,1.56150688,0.0130677
nt0.00025__buy_forecast_only__sell_negative_forecast_or_ema_bearish__sl0.03__tp0.06__hold20,0.00025,forecast_only,negative_forecast_or_ema_bearish,0.03,0.06,20,365,286,40,39,79,39,10000,10289.36,2.893613,1.175172,1.537713,56.410256,0,7.41952065,2107.69756314,1537.91571758,1.56150688,0.0130677
nt0.00025__buy_forecast_only__sell_negative_forecast_or_ema_bearish__sl0.03__tp0.06__hold30,0.00025,forecast_only,negative_forecast_or_ema_bearish,0.03,0.06,30,365,286,40,39,79,39,10000,10289.36,2.893613,1.175172,1.537713,56.410256,0,7.41952065,2107.69756314,1537.91571758,1.56150688,0.0130677
nt0.00025__buy_forecast_only__sell_negative_forecast_or_ema_bearish__sl0.03__tp0.08__hold10,0.00025,forecast_only,negative_forecast_or_ema_bearish,0.03,0.08,10,365,286,40,39,79,39,10000,10289.36,2.893613,1.175172,1.537713,56.410256,0,7.41952065,2107.69756314,1537.91571758,1.56150688,0.0130677
nt0.00025__buy_forecast_only__sell_negative_forecast_or_ema_bearish__sl0.03__tp0.08__hold20,0.00025,forecast_only,negative_forecast_or_ema_bearish,0.03,0.08,20,365,286,40,39,79,39,10000,10289.36,2.893613,1.175172,1.537713,56.410256,0,7.41952065,2107.69756314,1537.91571758,1.56150688,0.0130677
nt0.00025__buy_forecast_only__sell_negative_forecast_or_ema_bearish__sl0.03__tp0.08__hold30,0.00025,forecast_only,negative_forecast_or_ema_bearish,0.03,0.08,30,365,286,40,39,79,39,10000,10289.36,2.893613,1.175172,1.537713,56.410256,0,7.41952065,2107.69756314,1537.91571758,1.56150688,0.0130677
nt0.00025__buy_forecast_only__sell_negative_forecast_or_ema_bearish__sl0.05__tp0.04__hold10,0.00025,forecast_only,negative_forecast_or_ema_bearish,0.05,0.04,10,365,286,40,39,79,39,10000,10289.36,2.893613,1.175172,1.537713,56.410256,0,7.41952065,2107.69756314,1537.91571758,1.56150688,0.0130677
nt0.00025__buy_forecast_only__sell_negative_forecast_or_ema_bearish__sl0.05__tp0.04__hold20,0.00025,forecast_only,negative_forecast_or_ema_bearish,0.05,0.04,20,365,286,40,39,79,39,10000,10289.36,2.893613,1.175172,1.537713,56.410256,0,7.41952065,2107.69756314,1537.91571758,1.56150688,0.0130677
nt0.00025__buy_forecast_only__sell_negative_forecast_or_ema_bearish__sl0.05__tp0.04__hold30,0.00025,forecast_only,negative_forecast_or_ema_bearish,0.05,0.04,30,365,286,40,39,79,39,10000,10289.36,2.893613,1.175172,1.537713,56.410256,0,7.41952065,2107.69756314,1537.91571758,1.56150688,0.0130677
nt0.00025__buy_forecast_only__sell_negative_forecast_or_ema_bearish__sl0.05__tp0.06__hold10,0.00025,forecast_only,negative_forecast_or_ema_bearish,0.05,0.06,10,365,286,40,39,79,39,10000,10289.36,2.893613,1.175172,1.537713,56.410256,0,7.41952065,2107.69756314,1537.91571758,1.56150688,0.0130677
nt0.00025__buy_forecast_only__sell_negative_forecast_or_ema_bearish__sl0.05__tp0.06__hold20,0.00025,forecast_only,negative_forecast_or_ema_bearish,0.05,0.06,20,365,286,40,39,79,39,10000,10289.36,2.893613,1.175172,1.537713,56.410256,0,7.41952065,2107.69756314,1537.91571758,1.56150688,0.0130677
nt0.00025__buy_forecast_only__sell_negative_forecast_or_ema_bearish__sl0.05__tp0.06__hold30,0.00025,forecast_only,negative_forecast_or_ema_bearish,0.05,0.06,30,365,286,40,39,79,39,10000,10289.36,2.893613,1.175172,1.537713,56.410256,0,7.41952065,2107.69756314,1537.91571758,1.56150688,0.0130677
nt0.00025__buy_forecast_only__sell_negative_forecast_or_ema_bearish__sl0.05__tp0.08__hold10,0.00025,forecast_only,negative_forecast_or_ema_bearish,0.05,0.08,10,365,286,40,39,79,39,10000,10289.36,2.893613,1.175172,1.537713,56.410256,0,7.41952065,2107.69756314,1537.91571758,1.56150688,0.0130677
nt0.00025__buy_forecast_only__sell_negative_forecast_or_ema_bearish__sl0.05__tp0.08__hold20,0.00025,forecast_only,negative_forecast_or_ema_bearish,0.05,0.08,20,365,286,40,39,79,39,10000,10289.36,2.893613,1.175172,1.537713,56.410256,0,7.41952065,2107.69756314,1537.91571758,1.56150688,0.0130677
nt0.00025__buy_forecast_only__sell_negative_forecast_or_ema_bearish__sl0.05__tp0.08__hold30,0.00025,forecast_only,negative_forecast_or_ema_bearish,0.05,0.08,30,365,286,40,39,79,39,10000,10289.36,2.893613,1.175172,1.537713,56.410256,0,7.41952065,2107.69756314,1537.91571758,1.56150688,0.0130677
nt0.00025__buy_forecast_only__sell_negative_forecast_or_ema_bearish_or_risk_or_max_hold__sl0.03__tp0.08__hold10,0.00025,forecast_only,negative_forecast_or_ema_bearish_or_risk_or_max_hold,0.03,0.08,10,365,278,44,43,87,43,10000,10278.63,2.786335,1.311952,1.112177,53.488372,0,6.47984841,2107.69756314,1537.91571758,1.56150688,0.01305407
nt0.00025__buy_forecast_only__sell_negative_forecast_or_ema_bearish_or_risk_or_max_hold__sl0.05__tp0.06__hold20,0.00025,forecast_only,negative_forecast_or_ema_bearish_or_risk_or_max_hold,0.05,0.06,20,365,278,44,43,87,43,10000,10277.44,2.774392,1.296536,1.201496,55.813953,0,6.45207474,2107.69756314,1537.91571758,1.56150688,0.01305256
nt0.00025__buy_forecast_only__sell_negative_forecast_or_ema_bearish_or_risk_or_max_hold__sl0.05__tp0.06__hold30,0.00025,forecast_only,negative_forecast_or_ema_bearish_or_risk_or_max_hold,0.05,0.06,30,365,278,44,43,87,43,10000,10277.44,2.774392,1.296536,1.201496,55.813953,0,6.45207474,2107.69756314,1537.91571758,1.56150688,0.01305256
nt0.00025__buy_forecast_only__sell_negative_forecast_or_ema_bearish_or_risk_or_max_hold__sl0.03__tp0.06__hold20,0.00025,forecast_only,negative_forecast_or_ema_bearish_or_risk_or_max_hold,0.03,0.06,20,365,274,46,45,91,45,10000,10266.68,2.666848,1.338822,0.897303,51.111111,0,5.9263295,2107.69756314,1537.91571758,1.56150688,0.0130389
nt0.00025__buy_forecast_only__sell_negative_forecast_or_ema_bearish_or_risk_or_max_hold__sl0.03__tp0.06__hold30,0.00025,forecast_only,negative_forecast_or_ema_bearish_or_risk_or_max_hold,0.03,0.06,30,365,274,46,45,91,45,10000,10266.68,2.666848,1.338822,0.897303,51.111111,0,5.9263295,2107.69756314,1537.91571758,1.56150688,0.0130389
nt0.00025__buy_forecast_only__sell_negative_forecast_or_ema_bearish_or_risk_or_max_hold__sl0.03__tp0.06__hold10,0.00025,forecast_only,negative_forecast_or_ema_bearish_or_risk_or_max_hold,0.03,0.06,10,365,276,45,44,89,44,10000,10261.83,2.61825,1.291823,1.0488,52.272727,0,5.95056924,2107.69756314,1537.91571758,1.56150688,0.01303273
nt0.001__buy_forecast_only__sell_negative_forecast_or_ema_bearish_or_risk_or_max_hold__sl0.03__tp0.06__hold20,0.001,forecast_only,negative_forecast_or_ema_bearish_or_risk_or_max_hold,0.03,0.06,20,365,297,34,34,68,34,10000,10236.21,2.362073,1.288791,0.897303,47.058824,0,6.94727235,2107.69756314,1537.91571758,1.56150688,0
nt0.001__buy_forecast_only__sell_negative_forecast_or_ema_bearish_or_risk_or_max_hold__sl0.03__tp0.06__hold30,0.001,forecast_only,negative_forecast_or_ema_bearish_or_risk_or_max_hold,0.03,0.06,30,365,297,34,34,68,34,10000,10236.21,2.362073,1.288791,0.897303,47.058824,0,6.94727235,2107.69756314,1537.91571758,1.56150688,0
nt0.001__buy_forecast_only__sell_negative_forecast_or_ema_bearish_or_risk_or_max_hold__sl0.03__tp0.06__hold10,0.001,forecast_only,negative_forecast_or_ema_bearish_or_risk_or_max_hold,0.03,0.06,10,365,299,33,33,66,33,10000,10231.36,2.313619,1.236825,1.0488,48.484848,0,7.01096684,2107.69756314,1537.91571758,1.56150688,0
nt0.001__buy_forecast_only__sell_negative_forecast_or_ema_bearish_or_risk_or_max_hold__sl0.05__tp0.08__hold30,0.001,forecast_only,negative_forecast_or_ema_bearish_or_risk_or_max_hold,0.05,0.08,30,365,307,29,29,58,29,10000,10227.53,2.275306,1.095391,1.116577,51.724138,0,7.84588304,2107.69756314,1537.91571758,1.56150688,0
nt0.00025__buy_forecast_only__sell_negative_forecast_or_ema_bearish_or_risk_or_max_hold__sl0.05__tp0.04__hold10,0.00025,forecast_only,negative_forecast_or_ema_bearish_or_risk_or_max_hold,0.05,0.04,10,365,276,45,44,89,44,10000,10216.87,2.168656,1.146544,1.183417,56.818182,0,4.9287639,2107.69756314,1537.91571758,1.56150688,0.01297563
nt0.001__buy_forecast_only__sell_negative_forecast_or_ema_bearish_or_risk_or_max_hold__sl0.02__tp0.08__hold10,0.001,forecast_only,negative_forecast_or_ema_bearish_or_risk_or_max_hold,0.02,0.08,10,365,295,35,35,70,35,10000,10206.94,2.06942,1.217237,0.797603,42.857143,0,5.91262782,2107.69756314,1537.91571758,1.56150688,0
nt0.001__buy_forecast_only__sell_negative_forecast_or_ema_bearish_or_risk_or_max_hold__sl0.02__tp0.08__hold20,0.001,forecast_only,negative_forecast_or_ema_bearish_or_risk_or_max_hold,0.02,0.08,20,365,295,35,35,70,35,10000,10206.94,2.06942,1.217237,0.797603,42.857143,0,5.91262782,2107.69756314,1537.91571758,1.56150688,0
nt0.001__buy_forecast_only__sell_negative_forecast_or_ema_bearish_or_risk_or_max_hold__sl0.02__tp0.08__hold30,0.001,forecast_only,negative_forecast_or_ema_bearish_or_risk_or_max_hold,0.02,0.08,30,365,295,35,35,70,35,10000,10206.94,2.06942,1.217237,0.797603,42.857143,0,5.91262782,2107.69756314,1537.91571758,1.56150688,0
nt0.00025__buy_forecast_only__sell_negative_forecast_or_ema_bearish_or_risk_or_max_hold__sl0.03__tp0.04__hold10,0.00025,forecast_only,negative_forecast_or_ema_bearish_or_risk_or_max_hold,0.03,0.04,10,365,274,46,45,91,45,10000,10199.73,1.997349,1.169789,0.890113,53.333333,0,4.43855402,2107.69756314,1537.91571758,1.56150688,0.01295387
nt0.00025__buy_forecast_only__sell_negative_forecast_or_ema_bearish_or_risk_or_max_hold__sl0.03__tp0.04__hold20,0.00025,forecast_only,negative_forecast_or_ema_bearish_or_risk_or_max_hold,0.03,0.04,20,365,274,46,45,91,45,10000,10199.73,1.997349,1.169789,0.890113,53.333333,0,4.43855402,2107.69756314,1537.91571758,1.56150688,0.01295387
nt0.00025__buy_forecast_only__sell_negative_forecast_or_ema_bearish_or_risk_or_max_hold__sl0.03__tp0.04__hold30,0.00025,forecast_only,negative_forecast_or_ema_bearish_or_risk_or_max_hold,0.03,0.04,30,365,274,46,45,91,45,10000,10199.73,1.997349,1.169789,0.890113,53.333333,0,4.43855402,2107.69756314,1537.91571758,1.56150688,0.01295387
nt0.001__buy_forecast_only__sell_negative_forecast_or_ema_bearish_or_risk_or_max_hold__sl0.02__tp0.06__hold10,0.001,forecast_only,negative_forecast_or_ema_bearish_or_risk_or_max_hold,0.02,0.06,10,365,293,36,36,72,36,10000,10198.19,1.981893,1.219726,0.797603,41.666667,0,5.50525815,2107.69756314,1537.91571758,1.56150688,0
nt0.001__buy_forecast_only__sell_negative_forecast_or_ema_bearish_or_risk_or_max_hold__sl0.02__tp0.06__hold20,0.001,forecast_only,negative_forecast_or_ema_bearish_or_risk_or_max_hold,0.02,0.06,20,365,293,36,36,72,36,10000,10198.19,1.981893,1.219726,0.797603,41.666667,0,5.50525815,2107.69756314,1537.91571758,1.56150688,0
nt0.001__buy_forecast_only__sell_negative_forecast_or_ema_bearish_or_risk_or_max_hold__sl0.02__tp0.06__hold30,0.001,forecast_only,negative_forecast_or_ema_bearish_or_risk_or_max_hold,0.02,0.06,30,365,293,36,36,72,36,10000,10198.19,1.981893,1.219726,0.797603,41.666667,0,5.50525815,2107.69756314,1537.91571758,1.56150688,0
nt0.001__buy_forecast_only__sell_negative_forecast_or_ema_bearish_or_risk_or_max_hold__sl0.03__tp0.04__hold10,0.001,forecast_only,negative_forecast_or_ema_bearish_or_risk_or_max_hold,0.03,0.04,10,365,297,34,34,68,34,10000,10189.71,1.89714,1.223553,0.794499,50,0,5.57982326,2107.69756314,1537.91571758,1.56150688,0
nt0.001__buy_forecast_only__sell_negative_forecast_or_ema_bearish_or_risk_or_max_hold__sl0.03__tp0.04__hold20,0.001,forecast_only,negative_forecast_or_ema_bearish_or_risk_or_max_hold,0.03,0.04,20,365,297,34,34,68,34,10000,10189.71,1.89714,1.223553,0.794499,50,0,5.57982326,2107.69756314,1537.91571758,1.56150688,0
nt0.001__buy_forecast_only__sell_negative_forecast_or_ema_bearish_or_risk_or_max_hold__sl0.03__tp0.04__hold30,0.001,forecast_only,negative_forecast_or_ema_bearish_or_risk_or_max_hold,0.03,0.04,30,365,297,34,34,68,34,10000,10189.71,1.89714,1.223553,0.794499,50,0,5.57982326,2107.69756314,1537.91571758,1.56150688,0
nt0.00025__buy_forecast_only__sell_negative_forecast_or_ema_bearish_or_risk_or_max_hold__sl0.02__tp0.08__hold10,0.00025,forecast_only,negative_forecast_or_ema_bearish_or_risk_or_max_hold,0.02,0.08,10,365,274,46,45,91,45,10000,10188.49,1.884922,1.058391,0.805354,46.666667,0,4.18871582,2107.69756314,1537.91571758,1.56150688,0.01293959
nt0.00025__buy_forecast_only__sell_negative_forecast_or_ema_bearish_or_risk_or_max_hold__sl0.02__tp0.08__hold20,0.00025,forecast_only,negative_forecast_or_ema_bearish_or_risk_or_max_hold,0.02,0.08,20,365,274,46,45,91,45,10000,10188.49,1.884922,1.058391,0.805354,46.666667,0,4.18871582,2107.69756314,1537.91571758,1.56150688,0.01293959
nt0.00025__buy_forecast_only__sell_negative_forecast_or_ema_bearish_or_risk_or_max_hold__sl0.02__tp0.08__hold30,0.00025,forecast_only,negative_forecast_or_ema_bearish_or_risk_or_max_hold,0.02,0.08,30,365,274,46,45,91,45,10000,10188.49,1.884922,1.058391,0.805354,46.666667,0,4.18871582,2107.69756314,1537.91571758,1.56150688,0.01293959
nt0.001__buy_forecast_only__sell_negative_forecast_or_ema_bearish_or_risk_or_max_hold__sl0.03__tp0.08__hold20,0.001,forecast_only,negative_forecast_or_ema_bearish_or_risk_or_max_hold,0.03,0.08,20,365,299,33,33,66,33,10000,10185.93,1.859314,0.972323,1.008462,48.484848,0,5.63428378,2107.69756314,1537.91571758,1.56150688,0
nt0.001__buy_forecast_only__sell_negative_forecast_or_ema_bearish_or_risk_or_max_hold__sl0.05__tp0.04__hold10,0.001,forecast_only,negative_forecast_or_ema_bearish_or_risk_or_max_hold,0.05,0.04,10,365,301,32,32,64,32,10000,10184.93,1.849325,1.018459,1.098483,53.125,0,5.77914037,2107.69756314,1537.91571758,1.56150688,0
nt0.00025__buy_forecast_only__sell_negative_forecast_or_ema_bearish_or_risk_or_max_hold__sl0.05__tp0.04__hold20,0.00025,forecast_only,negative_forecast_or_ema_bearish_or_risk_or_max_hold,0.05,0.04,20,365,276,45,44,89,44,10000,10179.79,1.797879,0.975336,1.183417,56.818182,0,4.0860893,2107.69756314,1537.91571758,1.56150688,0.01292854
nt0.00025__buy_forecast_only__sell_negative_forecast_or_ema_bearish_or_risk_or_max_hold__sl0.05__tp0.04__hold30,0.00025,forecast_only,negative_forecast_or_ema_bearish_or_risk_or_max_hold,0.05,0.04,30,365,276,45,44,89,44,10000,10179.79,1.797879,0.975336,1.183417,56.818182,0,4.0860893,2107.69756314,1537.91571758,1.56150688,0.01292854
nt0.001__buy_forecast_only__sell_negative_forecast_or_ema_bearish_or_risk_or_max_hold__sl0.05__tp0.06__hold20,0.001,forecast_only,negative_forecast_or_ema_bearish_or_risk_or_max_hold,0.05,0.06,20,365,301,32,32,64,32,10000,10173.82,1.738236,0.852275,1.116577,50,0,5.43198766,2107.69756314,1537.91571758,1.56150688,0
nt0.001__buy_forecast_only__sell_negative_forecast_or_ema_bearish_or_risk_or_max_hold__sl0.05__tp0.06__hold30,0.001,forecast_only,negative_forecast_or_ema_bearish_or_risk_or_max_hold,0.05,0.06,30,365,301,32,32,64,32,10000,10173.82,1.738236,0.852275,1.116577,50,0,5.43198766,2107.69756314,1537.91571758,1.56150688,0
nt0.001__buy_forecast_only__sell_negative_forecast_or_ema_bearish_or_risk_or_max_hold__sl0.03__tp0.08__hold10,0.001,forecast_only,negative_forecast_or_ema_bearish_or_risk_or_max_hold,0.03,0.08,10,365,297,34,34,68,34,10000,10169.75,1.697518,0.895068,1.165702,47.058824,0,4.99269988,2107.69756314,1537.91571758,1.56150688,0
nt0.001__buy_forecast_only__sell_negative_forecast_or_ema_bearish_or_risk_or_max_hold__sl0.03__tp0.08__hold30,0.001,forecast_only,negative_forecast_or_ema_bearish_or_risk_or_max_hold,0.03,0.08,30,365,301,32,32,64,32,10000,10169.14,1.691377,0.877451,1.17167,46.875,0,5.28555335,2107.69756314,1537.91571758,1.56150688,0
nt0.001__buy_forecast_only__sell_negative_forecast_or_ema_bearish_or_risk_or_max_hold__sl0.05__tp0.06__hold10,0.001,forecast_only,negative_forecast_or_ema_bearish_or_risk_or_max_hold,0.05,0.06,10,365,301,32,32,64,32,10000,10162.31,1.62305,0.787981,1.214001,50,0,5.07203203,2107.69756314,1537.91571758,1.56150688,0
nt0.00025__buy_forecast_only__sell_negative_forecast_or_ema_bearish_or_risk_or_max_hold__sl0.02__tp0.06__hold10,0.00025,forecast_only,negative_forecast_or_ema_bearish_or_risk_or_max_hold,0.02,0.06,10,365,270,48,47,95,47,10000,10156.94,1.569356,0.904535,0.805354,44.680851,0,3.33905484,2107.69756314,1537.91571758,1.56150688,0.01289951
nt0.00025__buy_forecast_only__sell_negative_forecast_or_ema_bearish_or_risk_or_max_hold__sl0.02__tp0.06__hold20,0.00025,forecast_only,negative_forecast_or_ema_bearish_or_risk_or_max_hold,0.02,0.06,20,365,270,48,47,95,47,10000,10156.94,1.569356,0.904535,0.805354,44.680851,0,3.33905484,2107.69756314,1537.91571758,1.56150688,0.01289951
nt0.00025__buy_forecast_only__sell_negative_forecast_or_ema_bearish_or_risk_or_max_hold__sl0.02__tp0.06__hold30,0.00025,forecast_only,negative_forecast_or_ema_bearish_or_risk_or_max_hold,0.02,0.06,30,365,270,48,47,95,47,10000,10156.94,1.569356,0.904535,0.805354,44.680851,0,3.33905484,2107.69756314,1537.91571758,1.56150688,0.01289951
nt0.001__buy_forecast_only__sell_negative_forecast_or_ema_bearish_or_risk_or_max_hold__sl0.05__tp0.04__hold20,0.001,forecast_only,negative_forecast_or_ema_bearish_or_risk_or_max_hold,0.05,0.04,20,365,301,32,32,64,32,10000,10147.97,1.479707,0.838186,1.098483,53.125,0,4.62408429,2107.69756314,1537.91571758,1.56150688,0
nt0.001__buy_forecast_only__sell_negative_forecast_or_ema_bearish_or_risk_or_max_hold__sl0.05__tp0.04__hold30,0.001,forecast_only,negative_forecast_or_ema_bearish_or_risk_or_max_hold,0.05,0.04,30,365,301,32,32,64,32,10000,10147.97,1.479707,0.838186,1.098483,53.125,0,4.62408429,2107.69756314,1537.91571758,1.56150688,0
nt0.00075__buy_forecast_only__sell_negative_forecast_or_ema_bearish_or_risk_or_max_hold__sl0.02__tp0.08__hold10,0.00075,forecast_only,negative_forecast_or_ema_bearish_or_risk_or_max_hold,0.02,0.08,10,365,286,40,39,79,39,10000,10143.13,1.431268,0.90434,0.797603,48.717949,0,3.66991714,2107.69756314,1537.91571758,1.56150688,0.01288198
nt0.00075__buy_forecast_only__sell_negative_forecast_or_ema_bearish_or_risk_or_max_hold__sl0.02__tp0.08__hold20,0.00075,forecast_only,negative_forecast_or_ema_bearish_or_risk_or_max_hold,0.02,0.08,20,365,286,40,39,79,39,10000,10143.13,1.431268,0.90434,0.797603,48.717949,0,3.66991714,2107.69756314,1537.91571758,1.56150688,0.01288198
nt0.00075__buy_forecast_only__sell_negative_forecast_or_ema_bearish_or_risk_or_max_hold__sl0.02__tp0.08__hold30,0.00075,forecast_only,negative_forecast_or_ema_bearish_or_risk_or_max_hold,0.02,0.08,30,365,286,40,39,79,39,10000,10143.13,1.431268,0.90434,0.797603,48.717949,0,3.66991714,2107.69756314,1537.91571758,1.56150688,0.01288198
nt0.001__buy_forecast_only__sell_negative_forecast_or_ema_bearish__sl0.02__tp0.04__hold10,0.001,forecast_only,negative_forecast_or_ema_bearish,0.02,0.04,10,365,309,28,28,56,28,10000,10137,1.370019,0.612555,1.453084,50,0,4.89292623,2107.69756314,1537.91571758,1.56150688,0
nt0.001__buy_forecast_only__sell_negative_forecast_or_ema_bearish__sl0.02__tp0.04__hold20,0.001,forecast_only,negative_forecast_or_ema_bearish,0.02,0.04,20,365,309,28,28,56,28,10000,10137,1.370019,0.612555,1.453084,50,0,4.89292623,2107.69756314,1537.91571758,1.56150688,0
nt0.001__buy_forecast_only__sell_negative_forecast_or_ema_bearish__sl0.02__tp0.04__hold30,0.001,forecast_only,negative_forecast_or_ema_bearish,0.02,0.04,30,365,309,28,28,56,28,10000,10137,1.370019,0.612555,1.453084,50,0,4.89292623,2107.69756314,1537.91571758,1.56150688,0
nt0.001__buy_forecast_only__sell_negative_forecast_or_ema_bearish__sl0.02__tp0.06__hold10,0.001,forecast_only,negative_forecast_or_ema_bearish,0.02,0.06,10,365,309,28,28,56,28,10000,10137,1.370019,0.612555,1.453084,50,0,4.89292623,2107.69756314,1537.91571758,1.56150688,0
nt0.001__buy_forecast_only__sell_negative_forecast_or_ema_bearish__sl0.02__tp0.06__hold20,0.001,forecast_only,negative_forecast_or_ema_bearish,0.02,0.06,20,365,309,28,28,56,28,10000,10137,1.370019,0.612555,1.453084,50,0,4.89292623,2107.69756314,1537.91571758,1.56150688,0
nt0.001__buy_forecast_only__sell_negative_forecast_or_ema_bearish__sl0.02__tp0.06__hold30,0.001,forecast_only,negative_forecast_or_ema_bearish,0.02,0.06,30,365,309,28,28,56,28,10000,10137,1.370019,0.612555,1.453084,50,0,4.89292623,2107.69756314,1537.91571758,1.56150688,0
nt0.001__buy_forecast_only__sell_negative_forecast_or_ema_bearish__sl0.02__tp0.08__hold10,0.001,forecast_only,negative_forecast_or_ema_bearish,0.02,0.08,10,365,309,28,28,56,28,10000,10137,1.370019,0.612555,1.453084,50,0,4.89292623,2107.69756314,1537.91571758,1.56150688,0
nt0.001__buy_forecast_only__sell_negative_forecast_or_ema_bearish__sl0.02__tp0.08__hold20,0.001,forecast_only,negative_forecast_or_ema_bearish,0.02,0.08,20,365,309,28,28,56,28,10000,10137,1.370019,0.612555,1.453084,50,0,4.89292623,2107.69756314,1537.91571758,1.56150688,0
nt0.001__buy_forecast_only__sell_negative_forecast_or_ema_bearish__sl0.02__tp0.08__hold30,0.001,forecast_only,negative_forecast_or_ema_bearish,0.02,0.08,30,365,309,28,28,56,28,10000,10137,1.370019,0.612555,1.453084,50,0,4.89292623,2107.69756314,1537.91571758,1.56150688,0
nt0.001__buy_forecast_only__sell_negative_forecast_or_ema_bearish__sl0.03__tp0.04__hold10,0.001,forecast_only,negative_forecast_or_ema_bearish,0.03,0.04,10,365,309,28,28,56,28,10000,10137,1.370019,0.612555,1.453084,50,0,4.89292623,2107.69756314,1537.91571758,1.56150688,0
nt0.001__buy_forecast_only__sell_negative_forecast_or_ema_bearish__sl0.03__tp0.04__hold20,0.001,forecast_only,negative_forecast_or_ema_bearish,0.03,0.04,20,365,309,28,28,56,28,10000,10137,1.370019,0.612555,1.453084,50,0,4.89292623,2107.69756314,1537.91571758,1.56150688,0
nt0.001__buy_forecast_only__sell_negative_forecast_or_ema_bearish__sl0.03__tp0.04__hold30,0.001,forecast_only,negative_forecast_or_ema_bearish,0.03,0.04,30,365,309,28,28,56,28,10000,10137,1.370019,0.612555,1.453084,50,0,4.89292623,2107.69756314,1537.91571758,1.56150688,0
nt0.001__buy_forecast_only__sell_negative_forecast_or_ema_bearish__sl0.03__tp0.06__hold10,0.001,forecast_only,negative_forecast_or_ema_bearish,0.03,0.06,10,365,309,28,28,56,28,10000,10137,1.370019,0.612555,1.453084,50,0,4.89292623,2107.69756314,1537.91571758,1.56150688,0
nt0.001__buy_forecast_only__sell_negative_forecast_or_ema_bearish__sl0.03__tp0.06__hold20,0.001,forecast_only,negative_forecast_or_ema_bearish,0.03,0.06,20,365,309,28,28,56,28,10000,10137,1.370019,0.612555,1.453084,50,0,4.89292623,2107.69756314,1537.91571758,1.56150688,0
nt0.001__buy_forecast_only__sell_negative_forecast_or_ema_bearish__sl0.03__tp0.06__hold30,0.001,forecast_only,negative_forecast_or_ema_bearish,0.03,0.06,30,365,309,28,28,56,28,10000,10137,1.370019,0.612555,1.453084,50,0,4.89292623,2107.69756314,1537.91571758,1.56150688,0
nt0.001__buy_forecast_only__sell_negative_forecast_or_ema_bearish__sl0.03__tp0.08__hold10,0.001,forecast_only,negative_forecast_or_ema_bearish,0.03,0.08,10,365,309,28,28,56,28,10000,10137,1.370019,0.612555,1.453084,50,0,4.89292623,2107.69756314,1537.91571758,1.56150688,0
nt0.001__buy_forecast_only__sell_negative_forecast_or_ema_bearish__sl0.03__tp0.08__hold20,0.001,forecast_only,negative_forecast_or_ema_bearish,0.03,0.08,20,365,309,28,28,56,28,10000,10137,1.370019,0.612555,1.453084,50,0,4.89292623,2107.69756314,1537.91571758,1.56150688,0
nt0.001__buy_forecast_only__sell_negative_forecast_or_ema_bearish__sl0.03__tp0.08__hold30,0.001,forecast_only,negative_forecast_or_ema_bearish,0.03,0.08,30,365,309,28,28,56,28,10000,10137,1.370019,0.612555,1.453084,50,0,4.89292623,2107.69756314,1537.91571758,1.56150688,0
nt0.001__buy_forecast_only__sell_negative_forecast_or_ema_bearish__sl0.05__tp0.04__hold10,0.001,forecast_only,negative_forecast_or_ema_bearish,0.05,0.04,10,365,309,28,28,56,28,10000,10137,1.370019,0.612555,1.453084,50,0,4.89292623,2107.69756314,1537.91571758,1.56150688,0
nt0.001__buy_forecast_only__sell_negative_forecast_or_ema_bearish__sl0.05__tp0.04__hold20,0.001,forecast_only,negative_forecast_or_ema_bearish,0.05,0.04,20,365,309,28,28,56,28,10000,10137,1.370019,0.612555,1.453084,50,0,4.89292623,2107.69756314,1537.91571758,1.56150688,0
nt0.001__buy_forecast_only__sell_negative_forecast_or_ema_bearish__sl0.05__tp0.04__hold30,0.001,forecast_only,negative_forecast_or_ema_bearish,0.05,0.04,30,365,309,28,28,56,28,10000,10137,1.370019,0.612555,1.453084,50,0,4.89292623,2107.69756314,1537.91571758,1.56150688,0
nt0.001__buy_forecast_only__sell_negative_forecast_or_ema_bearish__sl0.05__tp0.06__hold10,0.001,forecast_only,negative_forecast_or_ema_bearish,0.05,0.06,10,365,309,28,28,56,28,10000,10137,1.370019,0.612555,1.453084,50,0,4.89292623,2107.69756314,1537.91571758,1.56150688,0
nt0.001__buy_forecast_only__sell_negative_forecast_or_ema_bearish__sl0.05__tp0.06__hold20,0.001,forecast_only,negative_forecast_or_ema_bearish,0.05,0.06,20,365,309,28,28,56,28,10000,10137,1.370019,0.612555,1.453084,50,0,4.89292623,2107.69756314,1537.91571758,1.56150688,0
nt0.001__buy_forecast_only__sell_negative_forecast_or_ema_bearish__sl0.05__tp0.06__hold30,0.001,forecast_only,negative_forecast_or_ema_bearish,0.05,0.06,30,365,309,28,28,56,28,10000,10137,1.370019,0.612555,1.453084,50,0,4.89292623,2107.69756314,1537.91571758,1.56150688,0
nt0.001__buy_forecast_only__sell_negative_forecast_or_ema_bearish__sl0.05__tp0.08__hold10,0.001,forecast_only,negative_forecast_or_ema_bearish,0.05,0.08,10,365,309,28,28,56,28,10000,10137,1.370019,0.612555,1.453084,50,0,4.89292623,2107.69756314,1537.91571758,1.56150688,0
nt0.001__buy_forecast_only__sell_negative_forecast_or_ema_bearish__sl0.05__tp0.08__hold20,0.001,forecast_only,negative_forecast_or_ema_bearish,0.05,0.08,20,365,309,28,28,56,28,10000,10137,1.370019,0.612555,1.453084,50,0,4.89292623,2107.69756314,1537.91571758,1.56150688,0
nt0.001__buy_forecast_only__sell_negative_forecast_or_ema_bearish__sl0.05__tp0.08__hold30,0.001,forecast_only,negative_forecast_or_ema_bearish,0.05,0.08,30,365,309,28,28,56,28,10000,10137,1.370019,0.612555,1.453084,50,0,4.89292623,2107.69756314,1537.91571758,1.56150688,0
nt0.001__buy_forecast_only__sell_negative_forecast_or_ema_bearish_or_risk_or_max_hold__sl0.05__tp0.08__hold20,0.001,forecast_only,negative_forecast_or_ema_bearish_or_risk_or_max_hold,0.05,0.08,20,365,303,31,31,62,31,10000,10132.06,1.320578,0.63626,1.523441,51.612903,0,4.25992873,2107.69756314,1537.91571758,1.56150688,0
nt0.001__buy_forecast_only__sell_negative_forecast_or_ema_bearish_or_risk_or_max_hold__sl0.05__tp0.08__hold10,0.001,forecast_only,negative_forecast_or_ema_bearish_or_risk_or_max_hold,0.05,0.08,10,365,301,32,32,64,32,10000,10130.23,1.302304,0.635505,1.347525,50,0,4.06969993,2107.69756314,1537.91571758,1.56150688,0
nt0.00075__buy_forecast_only__sell_negative_forecast_or_ema_bearish_or_risk_or_max_hold__sl0.02__tp0.06__hold10,0.00075,forecast_only,negative_forecast_or_ema_bearish_or_risk_or_max_hold,0.02,0.06,10,365,282,42,41,83,41,10000,10105.76,1.057639,0.703273,0.797603,46.341463,0,2.57960724,2107.69756314,1537.91571758,1.56150688,0.01283453
nt0.00075__buy_forecast_only__sell_negative_forecast_or_ema_bearish_or_risk_or_max_hold__sl0.02__tp0.06__hold20,0.00075,forecast_only,negative_forecast_or_ema_bearish_or_risk_or_max_hold,0.02,0.06,20,365,282,42,41,83,41,10000,10105.76,1.057639,0.703273,0.797603,46.341463,0,2.57960724,2107.69756314,1537.91571758,1.56150688,0.01283453
nt0.00075__buy_forecast_only__sell_negative_forecast_or_ema_bearish_or_risk_or_max_hold__sl0.02__tp0.06__hold30,0.00075,forecast_only,negative_forecast_or_ema_bearish_or_risk_or_max_hold,0.02,0.06,30,365,282,42,41,83,41,10000,10105.76,1.057639,0.703273,0.797603,46.341463,0,2.57960724,2107.69756314,1537.91571758,1.56150688,0.01283453
nt0.00075__buy_forecast_only__sell_negative_forecast_or_ema_bearish_or_risk_or_max_hold__sl0.03__tp0.06__hold20,0.00075,forecast_only,negative_forecast_or_ema_bearish_or_risk_or_max_hold,0.03,0.06,20,365,286,40,39,79,39,10000,10102.03,1.020263,0.578154,0.897303,51.282051,0,2.61605877,2107.69756314,1537.91571758,1.56150688,0.01282978
nt0.00075__buy_forecast_only__sell_negative_forecast_or_ema_bearish_or_risk_or_max_hold__sl0.03__tp0.06__hold30,0.00075,forecast_only,negative_forecast_or_ema_bearish_or_risk_or_max_hold,0.03,0.06,30,365,286,40,39,79,39,10000,10102.03,1.020263,0.578154,0.897303,51.282051,0,2.61605877,2107.69756314,1537.91571758,1.56150688,0.01282978
nt0.001__buy_forecast_only__sell_negative_forecast_or_ema_bearish_or_risk_or_max_hold__sl0.02__tp0.04__hold10,0.001,forecast_only,negative_forecast_or_ema_bearish_or_risk_or_max_hold,0.02,0.04,10,365,293,36,36,72,36,10000,10101.17,1.011706,0.724481,0.797603,41.666667,0,2.81029422,2107.69756314,1537.91571758,1.56150688,0
nt0.001__buy_forecast_only__sell_negative_forecast_or_ema_bearish_or_risk_or_max_hold__sl0.02__tp0.04__hold20,0.001,forecast_only,negative_forecast_or_ema_bearish_or_risk_or_max_hold,0.02,0.04,20,365,293,36,36,72,36,10000,10101.17,1.011706,0.724481,0.797603,41.666667,0,2.81029422,2107.69756314,1537.91571758,1.56150688,0
nt0.001__buy_forecast_only__sell_negative_forecast_or_ema_bearish_or_risk_or_max_hold__sl0.02__tp0.04__hold30,0.001,forecast_only,negative_forecast_or_ema_bearish_or_risk_or_max_hold,0.02,0.04,30,365,293,36,36,72,36,10000,10101.17,1.011706,0.724481,0.797603,41.666667,0,2.81029422,2107.69756314,1537.91571758,1.56150688,0
nt0.00075__buy_forecast_only__sell_negative_forecast_or_ema_bearish_or_risk_or_max_hold__sl0.05__tp0.08__hold30,0.00075,forecast_only,negative_forecast_or_ema_bearish_or_risk_or_max_hold,0.05,0.08,30,365,298,34,33,67,33,10000,10100.69,1.006852,0.489545,1.116577,57.575758,0,3.05106528,2107.69756314,1537.91571758,1.56150688,0.01282808
nt0.0005__buy_forecast_only__sell_negative_forecast_or_ema_bearish_or_risk_or_max_hold__sl0.02__tp0.08__hold10,0.0005,forecast_only,negative_forecast_or_ema_bearish_or_risk_or_max_hold,0.02,0.08,10,365,279,43,43,86,43,10000,10097.67,0.976733,0.60491,0.805354,46.511628,0,2.27147221,2107.69756314,1537.91571758,1.56150688,0
nt0.0005__buy_forecast_only__sell_negative_forecast_or_ema_bearish_or_risk_or_max_hold__sl0.02__tp0.08__hold20,0.0005,forecast_only,negative_forecast_or_ema_bearish_or_risk_or_max_hold,0.02,0.08,20,365,279,43,43,86,43,10000,10097.67,0.976733,0.60491,0.805354,46.511628,0,2.27147221,2107.69756314,1537.91571758,1.56150688,0
nt0.0005__buy_forecast_only__sell_negative_forecast_or_ema_bearish_or_risk_or_max_hold__sl0.02__tp0.08__hold30,0.0005,forecast_only,negative_forecast_or_ema_bearish_or_risk_or_max_hold,0.02,0.08,30,365,279,43,43,86,43,10000,10097.67,0.976733,0.60491,0.805354,46.511628,0,2.27147221,2107.69756314,1537.91571758,1.56150688,0
nt0.00075__buy_forecast_only__sell_negative_forecast_or_ema_bearish_or_risk_or_max_hold__sl0.03__tp0.06__hold10,0.00075,forecast_only,negative_forecast_or_ema_bearish_or_risk_or_max_hold,0.03,0.06,10,365,288,39,38,77,38,10000,10097.24,0.972445,0.539969,1.0488,52.631579,0,2.55906455,2107.69756314,1537.91571758,1.56150688,0.01282371
nt0.00075__buy_forecast_only__sell_negative_forecast_or_ema_bearish_or_risk_or_max_hold__sl0.03__tp0.08__hold20,0.00075,forecast_only,negative_forecast_or_ema_bearish_or_risk_or_max_hold,0.03,0.08,20,365,290,38,37,75,37,10000,10091.03,0.910343,0.495463,0.974027,54.054054,0,2.46038562,2107.69756314,1537.91571758,1.56150688,0.01281582
nt0.00075__buy_forecast_only__sell_negative_forecast_or_ema_bearish_or_risk_or_max_hold__sl0.03__tp0.04__hold10,0.00075,forecast_only,negative_forecast_or_ema_bearish_or_risk_or_max_hold,0.03,0.04,10,365,286,40,39,79,39,10000,10084.15,0.841495,0.537151,0.982284,53.846154,0,2.15768068,2107.69756314,1537.91571758,1.56150688,0.01280707
nt0.00075__buy_forecast_only__sell_negative_forecast_or_ema_bearish_or_risk_or_max_hold__sl0.03__tp0.04__hold20,0.00075,forecast_only,negative_forecast_or_ema_bearish_or_risk_or_max_hold,0.03,0.04,20,365,286,40,39,79,39,10000,10084.15,0.841495,0.537151,0.982284,53.846154,0,2.15768068,2107.69756314,1537.91571758,1.56150688,0.01280707
nt0.00075__buy_forecast_only__sell_negative_forecast_or_ema_bearish_or_risk_or_max_hold__sl0.03__tp0.04__hold30,0.00075,forecast_only,negative_forecast_or_ema_bearish_or_risk_or_max_hold,0.03,0.04,30,365,286,40,39,79,39,10000,10084.15,0.841495,0.537151,0.982284,53.846154,0,2.15768068,2107.69756314,1537.91571758,1.56150688,0.01280707
nt0.00075__buy_forecast_only__sell_negative_forecast_or_ema_bearish_or_risk_or_max_hold__sl0.03__tp0.08__hold10,0.00075,forecast_only,negative_forecast_or_ema_bearish_or_risk_or_max_hold,0.03,0.08,10,365,288,39,38,77,38,10000,10075.01,0.750054,0.412524,1.131322,52.631579,0,1.97382727,2107.69756314,1537.91571758,1.56150688,0.01279546
nt0.00075__buy_forecast_only__sell_negative_forecast_or_ema_bearish_or_risk_or_max_hold__sl0.03__tp0.08__hold30,0.00075,forecast_only,negative_forecast_or_ema_bearish_or_risk_or_max_hold,0.03,0.08,30,365,292,37,36,73,36,10000,10074.4,0.743971,0.402913,1.137292,52.777778,0,2.06658524,2107.69756314,1537.91571758,1.56150688,0.01279469
nt0.00075__buy_forecast_only__sell_negative_forecast_or_ema_bearish__sl0.02__tp0.04__hold10,0.00075,forecast_only,negative_forecast_or_ema_bearish,0.02,0.04,10,365,300,33,32,65,32,10000,10073.18,0.731811,0.3451,1.453084,56.25,0,2.28690989,2107.69756314,1537.91571758,1.56150688,0.01279314
nt0.00075__buy_forecast_only__sell_negative_forecast_or_ema_bearish__sl0.02__tp0.04__hold20,0.00075,forecast_only,negative_forecast_or_ema_bearish,0.02,0.04,20,365,300,33,32,65,32,10000,10073.18,0.731811,0.3451,1.453084,56.25,0,2.28690989,2107.69756314,1537.91571758,1.56150688,0.01279314
nt0.00075__buy_forecast_only__sell_negative_forecast_or_ema_bearish__sl0.02__tp0.04__hold30,0.00075,forecast_only,negative_forecast_or_ema_bearish,0.02,0.04,30,365,300,33,32,65,32,10000,10073.18,0.731811,0.3451,1.453084,56.25,0,2.28690989,2107.69756314,1537.91571758,1.56150688,0.01279314
nt0.00075__buy_forecast_only__sell_negative_forecast_or_ema_bearish__sl0.02__tp0.06__hold10,0.00075,forecast_only,negative_forecast_or_ema_bearish,0.02,0.06,10,365,300,33,32,65,32,10000,10073.18,0.731811,0.3451,1.453084,56.25,0,2.28690989,2107.69756314,1537.91571758,1.56150688,0.01279314
nt0.00075__buy_forecast_only__sell_negative_forecast_or_ema_bearish__sl0.02__tp0.06__hold20,0.00075,forecast_only,negative_forecast_or_ema_bearish,0.02,0.06,20,365,300,33,32,65,32,10000,10073.18,0.731811,0.3451,1.453084,56.25,0,2.28690989,2107.69756314,1537.91571758,1.56150688,0.01279314
nt0.00075__buy_forecast_only__sell_negative_forecast_or_ema_bearish__sl0.02__tp0.06__hold30,0.00075,forecast_only,negative_forecast_or_ema_bearish,0.02,0.06,30,365,300,33,32,65,32,10000,10073.18,0.731811,0.3451,1.453084,56.25,0,2.28690989,2107.69756314,1537.91571758,1.56150688,0.01279314
nt0.00075__buy_forecast_only__sell_negative_forecast_or_ema_bearish__sl0.02__tp0.08__hold10,0.00075,forecast_only,negative_forecast_or_ema_bearish,0.02,0.08,10,365,300,33,32,65,32,10000,10073.18,0.731811,0.3451,1.453084,56.25,0,2.28690989,2107.69756314,1537.91571758,1.56150688,0.01279314
nt0.00075__buy_forecast_only__sell_negative_forecast_or_ema_bearish__sl0.02__tp0.08__hold20,0.00075,forecast_only,negative_forecast_or_ema_bearish,0.02,0.08,20,365,300,33,32,65,32,10000,10073.18,0.731811,0.3451,1.453084,56.25,0,2.28690989,2107.69756314,1537.91571758,1.56150688,0.01279314
nt0.00075__buy_forecast_only__sell_negative_forecast_or_ema_bearish__sl0.02__tp0.08__hold30,0.00075,forecast_only,negative_forecast_or_ema_bearish,0.02,0.08,30,365,300,33,32,65,32,10000,10073.18,0.731811,0.3451,1.453084,56.25,0,2.28690989,2107.69756314,1537.91571758,1.56150688,0.01279314
nt0.00075__buy_forecast_only__sell_negative_forecast_or_ema_bearish__sl0.03__tp0.04__hold10,0.00075,forecast_only,negative_forecast_or_ema_bearish,0.03,0.04,10,365,300,33,32,65,32,10000,10073.18,0.731811,0.3451,1.453084,56.25,0,2.28690989,2107.69756314,1537.91571758,1.56150688,0.01279314
nt0.00075__buy_forecast_only__sell_negative_forecast_or_ema_bearish__sl0.03__tp0.04__hold20,0.00075,forecast_only,negative_forecast_or_ema_bearish,0.03,0.04,20,365,300,33,32,65,32,10000,10073.18,0.731811,0.3451,1.453084,56.25,0,2.28690989,2107.69756314,1537.91571758,1.56150688,0.01279314
nt0.00075__buy_forecast_only__sell_negative_forecast_or_ema_bearish__sl0.03__tp0.04__hold30,0.00075,forecast_only,negative_forecast_or_ema_bearish,0.03,0.04,30,365,300,33,32,65,32,10000,10073.18,0.731811,0.3451,1.453084,56.25,0,2.28690989,2107.69756314,1537.91571758,1.56150688,0.01279314
nt0.00075__buy_forecast_only__sell_negative_forecast_or_ema_bearish__sl0.03__tp0.06__hold10,0.00075,forecast_only,negative_forecast_or_ema_bearish,0.03,0.06,10,365,300,33,32,65,32,10000,10073.18,0.731811,0.3451,1.453084,56.25,0,2.28690989,2107.69756314,1537.91571758,1.56150688,0.01279314
nt0.00075__buy_forecast_only__sell_negative_forecast_or_ema_bearish__sl0.03__tp0.06__hold20,0.00075,forecast_only,negative_forecast_or_ema_bearish,0.03,0.06,20,365,300,33,32,65,32,10000,10073.18,0.731811,0.3451,1.453084,56.25,0,2.28690989,2107.69756314,1537.91571758,1.56150688,0.01279314
nt0.00075__buy_forecast_only__sell_negative_forecast_or_ema_bearish__sl0.03__tp0.06__hold30,0.00075,forecast_only,negative_forecast_or_ema_bearish,0.03,0.06,30,365,300,33,32,65,32,10000,10073.18,0.731811,0.3451,1.453084,56.25,0,2.28690989,2107.69756314,1537.91571758,1.56150688,0.01279314
nt0.00075__buy_forecast_only__sell_negative_forecast_or_ema_bearish__sl0.03__tp0.08__hold10,0.00075,forecast_only,negative_forecast_or_ema_bearish,0.03,0.08,10,365,300,33,32,65,32,10000,10073.18,0.731811,0.3451,1.453084,56.25,0,2.28690989,2107.69756314,1537.91571758,1.56150688,0.01279314
nt0.00075__buy_forecast_only__sell_negative_forecast_or_ema_bearish__sl0.03__tp0.08__hold20,0.00075,forecast_only,negative_forecast_or_ema_bearish,0.03,0.08,20,365,300,33,32,65,32,10000,10073.18,0.731811,0.3451,1.453084,56.25,0,2.28690989,2107.69756314,1537.91571758,1.56150688,0.01279314
nt0.00075__buy_forecast_only__sell_negative_forecast_or_ema_bearish__sl0.03__tp0.08__hold30,0.00075,forecast_only,negative_forecast_or_ema_bearish,0.03,0.08,30,365,300,33,32,65,32,10000,10073.18,0.731811,0.3451,1.453084,56.25,0,2.28690989,2107.69756314,1537.91571758,1.56150688,0.01279314
nt0.00075__buy_forecast_only__sell_negative_forecast_or_ema_bearish__sl0.05__tp0.04__hold10,0.00075,forecast_only,negative_forecast_or_ema_bearish,0.05,0.04,10,365,300,33,32,65,32,10000,10073.18,0.731811,0.3451,1.453084,56.25,0,2.28690989,2107.69756314,1537.91571758,1.56150688,0.01279314
nt0.00075__buy_forecast_only__sell_negative_forecast_or_ema_bearish__sl0.05__tp0.04__hold20,0.00075,forecast_only,negative_forecast_or_ema_bearish,0.05,0.04,20,365,300,33,32,65,32,10000,10073.18,0.731811,0.3451,1.453084,56.25,0,2.28690989,2107.69756314,1537.91571758,1.56150688,0.01279314
nt0.00075__buy_forecast_only__sell_negative_forecast_or_ema_bearish__sl0.05__tp0.04__hold30,0.00075,forecast_only,negative_forecast_or_ema_bearish,0.05,0.04,30,365,300,33,32,65,32,10000,10073.18,0.731811,0.3451,1.453084,56.25,0,2.28690989,2107.69756314,1537.91571758,1.56150688,0.01279314
nt0.00075__buy_forecast_only__sell_negative_forecast_or_ema_bearish__sl0.05__tp0.06__hold10,0.00075,forecast_only,negative_forecast_or_ema_bearish,0.05,0.06,10,365,300,33,32,65,32,10000,10073.18,0.731811,0.3451,1.453084,56.25,0,2.28690989,2107.69756314,1537.91571758,1.56150688,0.01279314
nt0.00075__buy_forecast_only__sell_negative_forecast_or_ema_bearish__sl0.05__tp0.06__hold20,0.00075,forecast_only,negative_forecast_or_ema_bearish,0.05,0.06,20,365,300,33,32,65,32,10000,10073.18,0.731811,0.3451,1.453084,56.25,0,2.28690989,2107.69756314,1537.91571758,1.56150688,0.01279314
nt0.00075__buy_forecast_only__sell_negative_forecast_or_ema_bearish__sl0.05__tp0.06__hold30,0.00075,forecast_only,negative_forecast_or_ema_bearish,0.05,0.06,30,365,300,33,32,65,32,10000,10073.18,0.731811,0.3451,1.453084,56.25,0,2.28690989,2107.69756314,1537.91571758,1.56150688,0.01279314
nt0.00075__buy_forecast_only__sell_negative_forecast_or_ema_bearish__sl0.05__tp0.08__hold10,0.00075,forecast_only,negative_forecast_or_ema_bearish,0.05,0.08,10,365,300,33,32,65,32,10000,10073.18,0.731811,0.3451,1.453084,56.25,0,2.28690989,2107.69756314,1537.91571758,1.56150688,0.01279314
nt0.00075__buy_forecast_only__sell_negative_forecast_or_ema_bearish__sl0.05__tp0.08__hold20,0.00075,forecast_only,negative_forecast_or_ema_bearish,0.05,0.08,20,365,300,33,32,65,32,10000,10073.18,0.731811,0.3451,1.453084,56.25,0,2.28690989,2107.69756314,1537.91571758,1.56150688,0.01279314
nt0.00075__buy_forecast_only__sell_negative_forecast_or_ema_bearish__sl0.05__tp0.08__hold30,0.00075,forecast_only,negative_forecast_or_ema_bearish,0.05,0.08,30,365,300,33,32,65,32,10000,10073.18,0.731811,0.3451,1.453084,56.25,0,2.28690989,2107.69756314,1537.91571758,1.56150688,0.01279314
nt0.00075__buy_forecast_only__sell_negative_forecast_or_ema_bearish_or_risk_or_max_hold__sl0.05__tp0.08__hold10,0.00075,forecast_only,negative_forecast_or_ema_bearish_or_risk_or_max_hold,0.05,0.08,10,365,294,36,35,71,35,10000,10072.69,0.726874,0.360963,1.116577,57.142857,0,2.07678258,2107.69756314,1537.91571758,1.56150688,0.01279252
nt0.0005__buy_forecast_only__sell_negative_forecast_or_ema_bearish_or_risk_or_max_hold__sl0.02__tp0.06__hold10,0.0005,forecast_only,negative_forecast_or_ema_bearish_or_risk_or_max_hold,0.02,0.06,10,365,275,45,45,90,45,10000,10060.48,0.604779,0.394934,0.805354,44.444444,0,1.34395254,2107.69756314,1537.91571758,1.56150688,0
nt0.0005__buy_forecast_only__sell_negative_forecast_or_ema_bearish_or_risk_or_max_hold__sl0.02__tp0.06__hold20,0.0005,forecast_only,negative_forecast_or_ema_bearish_or_risk_or_max_hold,0.02,0.06,20,365,275,45,45,90,45,10000,10060.48,0.604779,0.394934,0.805354,44.444444,0,1.34395254,2107.69756314,1537.91571758,1.56150688,0
nt0.0005__buy_forecast_only__sell_negative_forecast_or_ema_bearish_or_risk_or_max_hold__sl0.02__tp0.06__hold30,0.0005,forecast_only,negative_forecast_or_ema_bearish_or_risk_or_max_hold,0.02,0.06,30,365,275,45,45,90,45,10000,10060.48,0.604779,0.394934,0.805354,44.444444,0,1.34395254,2107.69756314,1537.91571758,1.56150688,0
nt0.00025__buy_forecast_only__sell_negative_forecast_or_ema_bearish_or_risk_or_max_hold__sl0.02__tp0.04__hold10,0.00025,forecast_only,negative_forecast_or_ema_bearish_or_risk_or_max_hold,0.02,0.04,10,365,270,48,47,95,47,10000,10060.31,0.603093,0.396719,0.797603,44.680851,0,1.28317737,2107.69756314,1537.91571758,1.56150688,0.0127768
nt0.00025__buy_forecast_only__sell_negative_forecast_or_ema_bearish_or_risk_or_max_hold__sl0.02__tp0.04__hold20,0.00025,forecast_only,negative_forecast_or_ema_bearish_or_risk_or_max_hold,0.02,0.04,20,365,270,48,47,95,47,10000,10060.31,0.603093,0.396719,0.797603,44.680851,0,1.28317737,2107.69756314,1537.91571758,1.56150688,0.0127768
nt0.00025__buy_forecast_only__sell_negative_forecast_or_ema_bearish_or_risk_or_max_hold__sl0.02__tp0.04__hold30,0.00025,forecast_only,negative_forecast_or_ema_bearish_or_risk_or_max_hold,0.02,0.04,30,365,270,48,47,95,47,10000,10060.31,0.603093,0.396719,0.797603,44.680851,0,1.28317737,2107.69756314,1537.91571758,1.56150688,0.0127768
nt0.00075__buy_forecast_only__sell_negative_forecast_or_ema_bearish_or_risk_or_max_hold__sl0.05__tp0.06__hold10,0.00075,forecast_only,negative_forecast_or_ema_bearish_or_risk_or_max_hold,0.05,0.06,10,365,294,36,35,71,35,10000,10053.01,0.530137,0.264357,1.116577,57.142857,0,1.51467722,2107.69756314,1537.91571758,1.56150688,0.01276753
nt0.00075__buy_forecast_only__sell_negative_forecast_or_ema_bearish_or_risk_or_max_hold__sl0.05__tp0.08__hold20,0.00075,forecast_only,negative_forecast_or_ema_bearish_or_risk_or_max_hold,0.05,0.08,20,365,296,35,34,69,34,10000,10049.97,0.499738,0.2466,1.170107,58.823529,0,1.46981766,2107.69756314,1537.91571758,1.56150688,0.01276367
nt0.0005__buy_forecast_only__sell_negative_forecast_or_ema_bearish_or_risk_or_max_hold__sl0.03__tp0.06__hold20,0.0005,forecast_only,negative_forecast_or_ema_bearish_or_risk_or_max_hold,0.03,0.06,20,365,279,43,43,86,43,10000,10049.75,0.49747,0.279395,1.05671,48.837209,0,1.15690787,2107.69756314,1537.91571758,1.56150688,0
nt0.0005__buy_forecast_only__sell_negative_forecast_or_ema_bearish_or_risk_or_max_hold__sl0.03__tp0.06__hold30,0.0005,forecast_only,negative_forecast_or_ema_bearish_or_risk_or_max_hold,0.03,0.06,30,365,279,43,43,86,43,10000,10049.75,0.49747,0.279395,1.05671,48.837209,0,1.15690787,2107.69756314,1537.91571758,1.56150688,0
nt0.0005__buy_forecast_only__sell_negative_forecast_or_ema_bearish_or_risk_or_max_hold__sl0.03__tp0.06__hold10,0.0005,forecast_only,negative_forecast_or_ema_bearish_or_risk_or_max_hold,0.03,0.06,10,365,281,42,42,84,42,10000,10044.99,0.449899,0.248773,1.207964,50,0,1.07118919,2107.69756314,1537.91571758,1.56150688,0
nt0.00075__buy_forecast_only__sell_negative_forecast_or_ema_bearish_or_risk_or_max_hold__sl0.05__tp0.06__hold20,0.00075,forecast_only,negative_forecast_or_ema_bearish_or_risk_or_max_hold,0.05,0.06,20,365,294,36,35,71,35,10000,10039.9,0.399024,0.202,1.116577,57.142857,0,1.14006816,2107.69756314,1537.91571758,1.56150688,0.01275088
nt0.00075__buy_forecast_only__sell_negative_forecast_or_ema_bearish_or_risk_or_max_hold__sl0.05__tp0.06__hold30,0.00075,forecast_only,negative_forecast_or_ema_bearish_or_risk_or_max_hold,0.05,0.06,30,365,294,36,35,71,35,10000,10039.9,0.399024,0.202,1.116577,57.142857,0,1.14006816,2107.69756314,1537.91571758,1.56150688,0.01275088
nt0.0005__buy_forecast_only__sell_negative_forecast_or_ema_bearish_or_risk_or_max_hold__sl0.03__tp0.08__hold20,0.0005,forecast_only,negative_forecast_or_ema_bearish_or_risk_or_max_hold,0.03,0.08,20,365,283,41,41,82,41,10000,10038.81,0.388119,0.213481,1.14274,51.219512,0,0.9466317,2107.69756314,1537.91571758,1.56150688,0
nt0.00075__buy_forecast_only__sell_negative_forecast_or_ema_bearish_or_risk_or_max_hold__sl0.02__tp0.04__hold10,0.00075,forecast_only,negative_forecast_or_ema_bearish_or_risk_or_max_hold,0.02,0.04,10,365,282,42,41,83,41,10000,10037.5,0.37502,0.278634,0.797603,46.341463,0,0.91468246,2107.69756314,1537.91571758,1.56150688,0.01274783
nt0.00075__buy_forecast_only__sell_negative_forecast_or_ema_bearish_or_risk_or_max_hold__sl0.02__tp0.04__hold20,0.00075,forecast_only,negative_forecast_or_ema_bearish_or_risk_or_max_hold,0.02,0.04,20,365,282,42,41,83,41,10000,10037.5,0.37502,0.278634,0.797603,46.341463,0,0.91468246,2107.69756314,1537.91571758,1.56150688,0.01274783
nt0.00075__buy_forecast_only__sell_negative_forecast_or_ema_bearish_or_risk_or_max_hold__sl0.02__tp0.04__hold30,0.00075,forecast_only,negative_forecast_or_ema_bearish_or_risk_or_max_hold,0.02,0.04,30,365,282,42,41,83,41,10000,10037.5,0.37502,0.278634,0.797603,46.341463,0,0.91468246,2107.69756314,1537.91571758,1.56150688,0.01274783
nt0.00075__buy_forecast_only__sell_negative_forecast_or_ema_bearish_or_risk_or_max_hold__sl0.05__tp0.04__hold10,0.00075,forecast_only,negative_forecast_or_ema_bearish_or_risk_or_max_hold,0.05,0.04,10,365,290,38,37,75,37,10000,10034.16,0.341578,0.186538,1.098483,56.756757,0,0.92318249,2107.69756314,1537.91571758,1.56150688,0.01274358
nt0.0005__buy_forecast_only__sell_negative_forecast_or_ema_bearish_or_risk_or_max_hold__sl0.03__tp0.04__hold10,0.0005,forecast_only,negative_forecast_or_ema_bearish_or_risk_or_max_hold,0.03,0.04,10,365,279,43,43,86,43,10000,10031.96,0.319628,0.202454,1.150983,51.162791,0,0.7433211,2107.69756314,1537.91571758,1.56150688,0
nt0.0005__buy_forecast_only__sell_negative_forecast_or_ema_bearish_or_risk_or_max_hold__sl0.03__tp0.04__hold20,0.0005,forecast_only,negative_forecast_or_ema_bearish_or_risk_or_max_hold,0.03,0.04,20,365,279,43,43,86,43,10000,10031.96,0.319628,0.202454,1.150983,51.162791,0,0.7433211,2107.69756314,1537.91571758,1.56150688,0
nt0.0005__buy_forecast_only__sell_negative_forecast_or_ema_bearish_or_risk_or_max_hold__sl0.03__tp0.04__hold30,0.0005,forecast_only,negative_forecast_or_ema_bearish_or_risk_or_max_hold,0.03,0.04,30,365,279,43,43,86,43,10000,10031.96,0.319628,0.202454,1.150983,51.162791,0,0.7433211,2107.69756314,1537.91571758,1.56150688,0
nt0.0005__buy_forecast_only__sell_negative_forecast_or_ema_bearish_or_risk_or_max_hold__sl0.03__tp0.08__hold10,0.0005,forecast_only,negative_forecast_or_ema_bearish_or_risk_or_max_hold,0.03,0.08,10,365,281,42,42,84,42,10000,10022.87,0.22866,0.129454,1.299767,50,0,0.54442902,2107.69756314,1537.91571758,1.56150688,0
nt0.0005__buy_forecast_only__sell_negative_forecast_or_ema_bearish_or_risk_or_max_hold__sl0.03__tp0.08__hold30,0.0005,forecast_only,negative_forecast_or_ema_bearish_or_risk_or_max_hold,0.03,0.08,30,365,285,40,40,80,40,10000,10022.26,0.222608,0.125506,1.305727,50,0,0.55651999,2107.69756314,1537.91571758,1.56150688,0
nt0.0005__buy_forecast_only__sell_negative_forecast_or_ema_bearish_or_risk_or_max_hold__sl0.05__tp0.08__hold10,0.0005,forecast_only,negative_forecast_or_ema_bearish_or_risk_or_max_hold,0.05,0.08,10,365,287,39,39,78,39,10000,10021.87,0.218667,0.110908,1.351566,53.846154,0,0.56068395,2107.69756314,1537.91571758,1.56150688,0
nt0.002__buy_forecast_only__sell_negative_forecast_or_ema_bearish_or_risk_or_max_hold__sl0.02__tp0.04__hold10,0.002,forecast_only,negative_forecast_or_ema_bearish_or_risk_or_max_hold,0.02,0.04,10,365,329,18,18,36,18,10000,10017.77,0.177651,0.185167,0.598801,44.444444,0,0.98694948,2107.69756314,1537.91571758,1.56150688,0
nt0.002__buy_forecast_only__sell_negative_forecast_or_ema_bearish_or_risk_or_max_hold__sl0.02__tp0.04__hold20,0.002,forecast_only,negative_forecast_or_ema_bearish_or_risk_or_max_hold,0.02,0.04,20,365,329,18,18,36,18,10000,10017.77,0.177651,0.185167,0.598801,44.444444,0,0.98694948,2107.69756314,1537.91571758,1.56150688,0
nt0.002__buy_forecast_only__sell_negative_forecast_or_ema_bearish_or_risk_or_max_hold__sl0.02__tp0.04__hold30,0.002,forecast_only,negative_forecast_or_ema_bearish_or_risk_or_max_hold,0.02,0.04,30,365,329,18,18,36,18,10000,10017.77,0.177651,0.185167,0.598801,44.444444,0,0.98694948,2107.69756314,1537.91571758,1.56150688,0
nt0.0005__buy_forecast_only__sell_negative_forecast_or_ema_bearish_or_risk_or_max_hold__sl0.05__tp0.08__hold20,0.0005,forecast_only,negative_forecast_or_ema_bearish_or_risk_or_max_hold,0.05,0.08,20,365,287,39,39,78,39,10000,10015.88,0.158758,0.084529,1.426903,53.846154,0,0.40707066,2107.69756314,1537.91571758,1.56150688,0
nt0.0005__buy_forecast_only__sell_negative_forecast_or_ema_bearish_or_risk_or_max_hold__sl0.05__tp0.08__hold30,0.0005,forecast_only,negative_forecast_or_ema_bearish_or_risk_or_max_hold,0.05,0.08,30,365,287,39,39,78,39,10000,10015.88,0.158758,0.084529,1.426903,53.846154,0,0.40707066,2107.69756314,1537.91571758,1.56150688,0
nt0.0005__buy_forecast_only__sell_negative_forecast_or_ema_bearish_or_risk_or_max_hold__sl0.05__tp0.06__hold10,0.0005,forecast_only,negative_forecast_or_ema_bearish_or_risk_or_max_hold,0.05,0.06,10,365,287,39,39,78,39,10000,10006.64,0.066438,0.041741,1.351566,53.846154,0,0.17035315,2107.69756314,1537.91571758,1.56150688,0
